Type,Name,Request Count,Failure Count,Median Response Time,Average Response Time,Min Response Time,Max Response Time,Average Content Size,Requests/s,Failures/s,50%,66%,75%,80%,90%,95%,98%,99%,99.9%,99.99%,100%
GET,/access-control/authorize?uri=%2Fshare%2Fread&method=POST&resourceId=00000000-0000-0000-0000-000000000001,979,0,860.0,967.4702935454563,50.482110000018565,3924.243020999995,159.0,16.637511478893092,0.0,860,1000,1200,1300,1700,2000,2300,3000,3900,3900,3900
DELETE,/access-control/grant,488,0,740.0,810.8131631495909,53.111325999964265,3821.4553770000066,255.0,8.293264148825157,0.0,740,900,1000,1100,1500,1600,2000,2500,3800,3800,3800
POST,/access-control/grant,499,0,710.0,751.2972670761508,26.000942999985455,2646.2752009999804,255.0,8.480202480048675,0.0,710,860,980,1100,1200,1400,1700,2000,2600,2600,2600
POST,/oidc/login,501,0,480.0,2475.7907318702605,42.26434700001391,20914.834060000034,770.7904191616766,8.51419126754386,0.0,480,630,790,3800,9300,15000,17000,19000,21000,21000,21000
GET,/roles,981,0,620.0,752.6815924984703,49.795760999984395,4783.400465999989,16588.295616717634,16.671500266388275,0.0,620,820,950,1000,1300,1600,2200,2900,4800,4800,4800
,Aggregated,3448,0,710.0,1072.0647842740725,26.000942999985455,20914.834060000034,4949.718677494199,58.59666964169906,0.0,710,900,1000,1200,1600,2100,6900,12000,19000,21000,21000
