Type,Name,Request Count,Failure Count,Median Response Time,Average Response Time,Min Response Time,Max Response Time,Average Content Size,Requests/s,Failures/s,50%,66%,75%,80%,90%,95%,98%,99%,99.9%,99.99%,100%
GET,/access-control/authorize?uri=%2Fshare%2Fread&method=POST&resourceId=00000000-0000-0000-0000-000000000001,984,0,1000.0,1189.2143255365831,32.67264900000555,3623.739730000011,159.0,16.47229644992817,0.0,1000,1400,1600,1700,2100,2500,2700,2900,3600,3600,3600
DELETE,/access-control/grant,495,0,960.0,1011.4359396565651,29.676945000005617,3356.7797640000094,255.0,8.286368640969963,0.0,960,1200,1400,1500,1900,2100,2400,2600,3400,3400,3400
POST,/access-control/grant,502,0,780.0,877.2937670916319,55.877831999964656,2642.0084320000115,255.0,8.403549611650346,0.0,780,1000,1200,1200,1500,1800,2000,2100,2600,2600,2600
POST,/oidc/login,502,0,330.0,1706.6829804123483,30.96828299999288,17884.19585099996,770.7908366533865,8.403549611650346,0.0,330,500,640,800,6500,9200,14000,16000,18000,18000,18000
GET,/roles,987,0,790.0,888.0926024711239,16.14381299998513,4215.733940999997,18956.106382978724,16.522516865934048,0.0,790,1100,1200,1300,1600,2000,2300,2600,4200,4200,4200
,Aggregated,3470,0,830.0,1107.9398882835721,16.14381299998513,17884.19585099996,5621.701729106629,58.088281180132874,0.0,830,1100,1300,1500,1900,2400,5300,8400,17000,18000,18000
