Type,Name,Request Count,Failure Count,Median Response Time,Average Response Time,Min Response Time,Max Response Time,Average Content Size,Requests/s,Failures/s,50%,66%,75%,80%,90%,95%,98%,99%,99.9%,99.99%,100%
GET,/access-control/authorize?uri=%2Fshare%2Fread&method=POST&resourceId=00000000-0000-0000-0000-000000000001,1019,0,1100.0,1180.9557464121683,87.4350860000277,3436.652630000026,159.0,17.287693739004744,0.0,1100,1400,1500,1600,2100,2400,2600,2700,2900,3400,3400
DELETE,/access-control/grant,510,0,930.0,958.0859986313719,38.40557999996008,3534.124136999992,255.0,8.6523295455274,0.0,940,1100,1200,1300,1800,2000,2200,2400,3500,3500,3500
POST,/access-control/grant,519,0,860.0,892.3534500385365,49.856187999978374,2799.5336949999796,255.0,8.805017713977882,0.0,860,1100,1200,1200,1400,1900,2100,2100,2800,2800,2800
POST,/oidc/login,525,0,200.0,1479.297823521906,26.658878000034747,16475.34247300001,770.8,8.906809826278204,0.0,200,420,600,690,5800,12000,13000,13000,16000,16000,16000
GET,/roles,1026,0,840.0,876.5011638109171,26.183041999956913,2980.966790000025,19495.556530214424,17.406451203355118,0.0,840,1000,1100,1200,1600,1900,2100,2200,2900,3000,3000
,Aggregated,3599,0,870.0,1064.4820108043914,26.183041999956913,16475.34247300001,5788.143095304251,61.05830202814335,0.0,870,1100,1200,1400,1800,2200,3000,9500,13000,16000,16000
