Type,Name,Request Count,Failure Count,Median Response Time,Average Response Time,Min Response Time,Max Response Time,Average Content Size,Requests/s,Failures/s,50%,66%,75%,80%,90%,95%,98%,99%,99.9%,99.99%,100%
GET,/access-control/authorize?uri=%2Fshare%2Fread&method=POST&resourceId=00000000-0000-0000-0000-000000000001,988,0,1300.0,1280.2602782469614,46.791043999974136,4521.466653000005,159.0,16.818757855257527,0.0,1300,1500,1600,1700,2000,2400,2900,3100,4500,4500,4500
DELETE,/access-control/grant,497,0,940.0,989.2625629416505,27.767046999997547,3533.615929000007,255.0,8.460448030428129,0.0,940,1100,1200,1300,1800,2100,2300,2400,3500,3500,3500
POST,/access-control/grant,511,0,920.0,939.6755402876717,50.8968629999913,4189.0618659999745,255.0,8.698770510158498,0.0,920,1100,1200,1200,1500,1900,2200,2400,4200,4200,4200
POST,/oidc/login,516,0,210.0,1342.058679825582,31.8651519999662,14634.76504099998,770.796511627907,8.783885681490773,0.0,210,440,610,680,5200,8600,13000,14000,15000,15000,15000
GET,/roles,998,0,940.0,952.8902248276554,38.28428899998926,4049.7448549999717,20151.741482965932,16.988988197922076,0.0,940,1100,1200,1300,1600,1900,2300,2500,4000,4000,4000
,Aggregated,3510,0,950.0,1105.4762316082624,27.767046999997547,14634.76504099998,5961.054415954416,59.750850275257,0.0,950,1200,1300,1400,1800,2400,4000,7100,14000,15000,15000
