Type,Name,Request Count,Failure Count,Median Response Time,Average Response Time,Min Response Time,Max Response Time,Average Content Size,Requests/s,Failures/s,50%,66%,75%,80%,90%,95%,98%,99%,99.9%,99.99%,100%
GET,/access-control/authorize?uri=%2Fshare%2Fread&method=POST&resourceId=00000000-0000-0000-0000-000000000001,992,0,1200.0,1222.1240617197577,76.55192999999372,4269.34804299998,159.0,16.78094096290326,0.0,1200,1400,1600,1700,2000,2300,2600,2900,4300,4300,4300
DELETE,/access-control/grant,496,0,960.0,962.2355599052413,32.80286400001842,3756.903026000032,255.0,8.39047048145163,0.0,960,1100,1200,1300,1600,1900,2200,2700,3800,3800,3800
POST,/access-control/grant,505,0,900.0,920.3558554752462,29.74600099997815,2476.384266000025,255.0,8.54271692163926,0.0,900,1000,1200,1300,1500,1700,2100,2300,2500,2500,2500
POST,/oidc/login,506,0,260.0,1476.4464349268778,31.16674199998215,18098.022019999975,770.7924901185771,8.559633192771217,0.0,260,400,510,620,5700,9700,12000,16000,18000,18000,18000
GET,/roles,998,0,910.0,917.7441510991971,35.023374999980206,4392.772549000028,19294.02404809619,16.88243858969501,0.0,910,1100,1200,1200,1500,1800,2400,3100,4400,4400,4400
,Aggregated,3497,0,930.0,1091.6174357517843,29.74600099997815,18098.022019999975,5735.8993422933945,59.15620014846037,0.0,930,1200,1300,1400,1700,2300,3900,8300,17000,18000,18000
