Type,Name,Request Count,Failure Count,Median Response Time,Average Response Time,Min Response Time,Max Response Time,Average Content Size,Requests/s,Failures/s,50%,66%,75%,80%,90%,95%,98%,99%,99.9%,99.99%,100%
GET,/access-control/authorize?uri=%2Fshare%2Fread&method=POST&resourceId=00000000-0000-0000-0000-000000000001,961,0,1300.0,1387.8102860114461,51.09245000005558,3732.1709490000217,159.0,16.235983002095033,0.0,1300,1600,1700,1800,2200,2600,3100,3300,3700,3700,3700
DELETE,/access-control/grant,482,0,960.0,1096.2253096867225,29.69685400000799,4189.417036000009,255.0,8.143333826232888,0.0,970,1200,1400,1500,1900,2400,2800,2900,4200,4200,4200
POST,/access-control/grant,488,0,980.0,1066.132969944672,47.276582999984385,2967.558214999997,255.0,8.244703126974375,0.0,980,1200,1400,1500,1700,2000,2500,2900,3000,3000,3000
POST,/oidc/login,491,0,210.0,1234.8107098350315,38.33377000000837,15527.922038999975,770.7861507128309,8.29538777734512,0.0,210,350,470,570,4000,9000,14000,15000,16000,16000,16000
GET,/roles,965,0,880.0,943.0030883917098,39.263969999979054,3460.302078999973,20507.706735751297,16.30356253592269,0.0,880,1000,1200,1300,1500,1800,2100,2500,3500,3500,3500
,Aggregated,3387,0,970.0,1151.0567500106285,29.69685400000799,15527.922038999975,6072.790670209625,57.2229702685701,0.0,970,1200,1400,1500,1900,2400,3300,7000,15000,16000,16000
