Type,Name,Request Count,Failure Count,Median Response Time,Average Response Time,Min Response Time,Max Response Time,Average Content Size,Requests/s,Failures/s,50%,66%,75%,80%,90%,95%,98%,99%,99.9%,99.99%,100%
GET,/access-control/authorize?uri=%2Fshare%2Fread&method=POST&resourceId=00000000-0000-0000-0000-000000000001,976,0,1300.0,1333.8535895430346,67.78318400000671,4182.65597300001,159.0,16.491992531557642,0.0,1300,1600,1700,1800,2100,2400,2700,2800,4200,4200,4200
DELETE,/access-control/grant,492,0,970.0,1048.9351507642277,41.733904000011535,3250.015635000011,255.0,8.313586399104878,0.0,980,1200,1400,1400,1700,2000,2500,2700,3300,3300,3300
POST,/access-control/grant,506,0,960.0,1003.1697634308283,51.539864000005764,3159.764338000002,255.0,8.550151865746074,0.0,960,1200,1300,1400,1600,1900,2100,2300,3200,3200,3200
POST,/oidc/login,508,0,240.0,1198.2805387460635,30.32106300003079,16105.197048000036,770.7933070866142,8.583946932409102,0.0,240,490,700,800,4700,8000,11000,12000,16000,16000,16000
GET,/roles,990,0,920.0,1006.7864444232322,30.86626999998998,3367.6536090000013,20744.38282828283,16.728557998198838,0.0,920,1200,1300,1400,1800,2100,2400,2700,3400,3400,3400
,Aggregated,3472,0,960.0,1132.1907233663599,30.32106300003079,16105.197048000036,6145.78801843318,58.66823572701654,0.0,960,1200,1400,1500,1900,2300,3000,6700,13000,16000,16000
