Type,Name,Request Count,Failure Count,Median Response Time,Average Response Time,Min Response Time,Max Response Time,Average Content Size,Requests/s,Failures/s,50%,66%,75%,80%,90%,95%,98%,99%,99.9%,99.99%,100%
GET,/access-control/authorize?uri=%2Fshare%2Fread&method=POST&resourceId=00000000-0000-0000-0000-000000000001,1003,0,1300.0,1258.8652676201425,45.57421200001954,5067.185387999984,159.0,17.000900801203233,0.0,1300,1500,1600,1800,2100,2300,2600,2700,4800,5100,5100
DELETE,/access-control/grant,503,0,1000.0,1018.4157593459245,34.08396199995423,3613.258586000029,255.0,8.5258754765755,0.0,1000,1200,1300,1400,1600,1900,2100,2200,3600,3600,3600
POST,/access-control/grant,514,0,910.0,944.6233745933849,80.4447419999974,3180.5135719999953,255.0,8.712326033717309,0.0,920,1100,1300,1400,1600,1700,2000,2300,3200,3200,3200
POST,/oidc/login,517,0,230.0,1356.159977421662,26.71514399997932,12790.541630000007,770.7969052224371,8.763176185665076,0.0,230,350,440,520,6400,9600,11000,12000,13000,13000,13000
GET,/roles,1010,0,940.0,931.8363046960402,32.26242700003468,3730.570522999983,19796.97920792079,17.11955115574802,0.0,940,1100,1200,1300,1600,1800,2100,2200,3700,3700,3700
,Aggregated,3547,0,950.0,1100.2906064237382,26.71514399997932,12790.541630000007,5867.567803777841,60.121829652909135,0.0,950,1200,1400,1500,1800,2200,3700,8600,12000,13000,13000
