Type,Name,Request Count,Failure Count,Median Response Time,Average Response Time,Min Response Time,Max Response Time,Average Content Size,Requests/s,Failures/s,50%,66%,75%,80%,90%,95%,98%,99%,99.9%,99.99%,100%
GET,/access-control/authorize?uri=%2Fshare%2Fread&method=POST&resourceId=00000000-0000-0000-0000-000000000001,956,0,1300.0,1289.840642703975,29.118415000027653,4150.117972999965,159.0,16.22514859807311,0.0,1300,1600,1800,1800,2100,2400,2800,3000,4200,4200,4200
DELETE,/access-control/grant,482,0,1000.0,1014.5448859066403,32.19611800000166,2885.6687899999542,255.0,8.180461950074518,0.0,1000,1200,1400,1400,1700,1900,2300,2500,2900,2900,2900
POST,/access-control/grant,496,0,960.0,957.5682925645164,44.55732399998169,3226.6844629999696,255.0,8.418068728707388,0.0,960,1100,1300,1400,1600,2000,2300,2500,3200,3200,3200
POST,/oidc/login,501,0,260.0,1407.8201492095811,35.85120200000347,14696.24462500002,770.7904191616766,8.50292829250484,0.0,260,470,580,650,6100,8800,12000,14000,15000,15000,15000
GET,/roles,967,0,990.0,976.2584360351603,22.020024999960697,3580.4309559999865,19548.510858324717,16.41183963842751,0.0,990,1200,1300,1400,1600,1900,2200,2400,3600,3600,3600
,Aggregated,3402,0,1000.0,1130.6325587724864,22.020024999960697,14696.24462500002,5788.057025279248,57.73844720778736,0.0,1000,1300,1400,1500,1900,2300,4000,7800,14000,15000,15000
