Type,Name,Request Count,Failure Count,Median Response Time,Average Response Time,Min Response Time,Max Response Time,Average Content Size,Requests/s,Failures/s,50%,66%,75%,80%,90%,95%,98%,99%,99.9%,99.99%,100%
GET,/access-control/authorize,1558,0,2100.0,3014.5031570365827,129.11240400001134,10729.522956999972,149.26829268292684,26.322877859477906,0.0,2100,2900,4500,5200,5600,5700,5900,6000,11000,11000,11000
POST,/oidc/login,189,0,240.0,271.86339102645445,38.73036400000274,718.02347900001,792.3227513227513,3.1932117557389756,0.0,240,340,390,480,620,640,670,710,720,720,720
GET,/roles,178,0,2100.0,2415.87260560674,244.86155200003168,8680.683485999964,71584.79213483146,3.0073634524949084,0.0,2100,2400,3300,3500,4100,4600,4900,5400,8700,8700,8700
,Aggregated,1925,0,2100.0,2689.871908241553,38.73036400000274,10729.522956999972,6817.871168831169,32.52345306771179,0.0,2100,2400,3800,4700,5500,5700,5800,6000,11000,11000,11000
