Type,Name,Request Count,Failure Count,Median Response Time,Average Response Time,Min Response Time,Max Response Time,Average Content Size,Requests/s,Failures/s,50%,66%,75%,80%,90%,95%,98%,99%,99.9%,99.99%,100%
GET,/access-control/authorize?uri=%2Fshare%2Fread&method=POST&resourceId=00000000-0000-0000-0000-000000000001,1003,0,1100.0,1194.0136127517446,32.63971500001617,3530.2097740000136,159.0,17.0755168003289,0.0,1100,1400,1600,1800,2200,2400,2600,2700,3500,3500,3500
DELETE,/access-control/grant,504,0,920.0,965.4965803888865,32.82825000002276,4234.143479000011,255.0,8.580319508839247,0.0,920,1100,1300,1500,1700,1900,2200,3000,4200,4200,4200
POST,/access-control/grant,510,0,780.0,864.2938091509825,38.46629499997789,3132.4317499999665,255.0,8.682466169658762,0.0,780,1000,1200,1300,1600,1700,2000,2100,3100,3100,3100
POST,/oidc/login,515,0,300.0,1377.925477959221,30.368648999967718,14002.65004099998,770.7961165048544,8.767588387008358,0.0,300,430,540,630,5800,8900,11000,13000,14000,14000,14000
GET,/roles,1008,0,870.0,925.4787321339304,20.67158299996663,3606.6570339999657,19193.479166666668,17.160639017678495,0.0,870,1100,1300,1400,1700,1900,2100,2300,3200,3600,3600
,Aggregated,3540,0,840.0,1064.268349127965,20.67158299996663,14002.65004099998,5695.489830508474,60.266529883513755,0.0,840,1100,1300,1500,1900,2300,3800,7300,14000,14000,14000
