Type,Name,Request Count,Failure Count,Median Response Time,Average Response Time,Min Response Time,Max Response Time,Average Content Size,Requests/s,Failures/s,50%,66%,75%,80%,90%,95%,98%,99%,99.9%,99.99%,100%
GET,/access-control/authorize?uri=%2Fshare%2Fread&method=POST&resourceId=00000000-0000-0000-0000-000000000001,1019,0,1200.0,1202.2387890804719,68.4347910000156,3407.1020650000037,159.0,17.05226233114583,0.0,1200,1400,1600,1700,2000,2300,2500,2600,3100,3400,3400
DELETE,/access-control/grant,510,0,930.0,959.4531294176454,22.16875700003129,3796.483938999984,255.0,8.534498320789375,0.0,930,1100,1300,1400,1700,1900,2000,2100,3800,3800,3800
POST,/access-control/grant,527,0,850.0,912.6842583491433,28.9805470000033,3298.2848809999723,255.0,8.818981598149021,0.0,850,1000,1200,1300,1600,1900,2100,2100,3300,3300,3300
POST,/oidc/login,530,0,220.0,1359.1531624490578,27.055985000004057,16244.881544999998,770.8018867924528,8.869184529447782,0.0,220,380,520,620,5700,9000,12000,14000,16000,16000,16000
GET,/roles,1027,0,870.0,905.1931279152881,20.457255999986046,3358.3533949999946,19531.17039922103,17.186136814609192,0.0,870,1100,1200,1200,1600,1800,2000,2300,3100,3400,3400
,Aggregated,3613,0,890.0,1064.3154012435643,20.457255999986046,16244.881544999998,5782.865485745918,60.4610635941412,0.0,890,1100,1300,1400,1800,2100,3700,7400,14000,16000,16000
