Type,Name,Request Count,Failure Count,Median Response Time,Average Response Time,Min Response Time,Max Response Time,Average Content Size,Requests/s,Failures/s,50%,66%,75%,80%,90%,95%,98%,99%,99.9%,99.99%,100%
GET,/access-control/authorize?uri=%2Fshare%2Fread&method=POST&resourceId=00000000-0000-0000-0000-000000000001,1033,0,750.0,810.4347997328168,56.0474619999809,3189.9168529999997,159.0,17.43905041628651,0.0,750,920,1000,1100,1300,1600,1900,2100,3100,3200,3200
DELETE,/access-control/grant,519,0,590.0,662.3094681541417,48.059280000018134,2757.4826459999713,255.0,8.761730073623134,0.0,590,750,850,910,1100,1400,1600,2000,2800,2800,2800
POST,/access-control/grant,528,0,610.0,637.1071375246213,51.14420800003927,2307.090749999986,255.0,8.913667589350704,0.0,610,740,810,860,1000,1200,1500,1600,2300,2300,2300
POST,/oidc/login,533,0,550.0,3175.118973756097,54.845907000014904,21804.202669999995,770.8030018761726,8.998077320310463,0.0,550,730,3000,5900,12000,17000,19000,21000,22000,22000,22000
GET,/roles,1042,0,530.0,596.6430881353167,19.237115000009908,3392.652135999981,15123.996161228408,17.590987932014077,0.0,530,660,750,800,1000,1300,1600,1800,3100,3400,3400
,Aggregated,3655,0,610.0,1048.249204256634,19.237115000009908,21804.202669999995,4542.072229822162,61.70351333158489,0.0,610,770,890,970,1300,1800,9100,16000,21000,22000,22000
