Type,Name,Request Count,Failure Count,Median Response Time,Average Response Time,Min Response Time,Max Response Time,Average Content Size,Requests/s,Failures/s,50%,66%,75%,80%,90%,95%,98%,99%,99.9%,99.99%,100%
GET,/access-control/authorize?uri=%2Fshare%2Fread&method=POST&resourceId=00000000-0000-0000-0000-000000000001,983,0,1200.0,1223.7856725584938,33.04152800001248,4359.382940999978,159.0,16.68718019195604,0.0,1200,1400,1600,1800,2100,2300,2700,2900,4400,4400,4400
DELETE,/access-control/grant,495,0,920.0,967.0257918242422,45.134746000030646,3646.3102989999925,255.0,8.403005284860875,0.0,920,1200,1300,1400,1700,1900,2300,3100,3600,3600,3600
POST,/access-control/grant,503,0,840.0,891.4931743001994,51.44167999998217,2773.838216999991,255.0,8.538811430878829,0.0,840,1000,1300,1400,1600,1800,1900,2000,2800,2800,2800
POST,/oidc/login,508,0,260.0,1461.155781655512,35.512625000023945,14780.240471000014,770.7933070866142,8.623690272140049,0.0,260,440,530,600,6400,10000,12000,13000,15000,15000,15000
GET,/roles,990,0,850.0,919.982601269698,15.553448999980901,4072.3669220000147,19083.678787878787,16.80601056972175,0.0,850,1100,1300,1400,1700,1900,2100,2400,4100,4100,4100
,Aggregated,3479,0,870.0,1087.4188163521133,15.553448999980901,14780.240471000014,5661.164702500719,59.05869774955754,0.0,870,1200,1400,1500,1900,2200,4400,8400,14000,15000,15000
