Type,Name,Request Count,Failure Count,Median Response Time,Average Response Time,Min Response Time,Max Response Time,Average Content Size,Requests/s,Failures/s,50%,66%,75%,80%,90%,95%,98%,99%,99.9%,99.99%,100%
GET,/access-control/authorize?uri=%2Fshare%2Fread&method=POST&resourceId=00000000-0000-0000-0000-000000000001,999,0,1100.0,1229.68886892793,52.30344400001741,3295.4004910000094,159.0,16.945515261532258,0.0,1100,1400,1600,1700,2100,2600,2900,3100,3300,3300,3300
DELETE,/access-control/grant,501,0,970.0,1015.7586193373236,29.28085700000338,3041.1435659999597,255.0,8.498201347375035,0.0,970,1100,1300,1400,1900,2200,2400,2500,3000,3000,3000
POST,/access-control/grant,509,0,790.0,933.5091134263248,62.94095099997321,3149.3539090000127,255.0,8.633901169289208,0.0,790,1100,1200,1300,1800,2300,2500,2600,3100,3100,3100
POST,/oidc/login,514,0,200.0,1384.0372515817123,27.441113000008954,17130.304544000013,770.795719844358,8.718713557985566,0.0,200,350,470,600,4900,10000,14000,16000,17000,17000,17000
GET,/roles,1004,0,880.0,922.6570298177307,41.243423999958395,4447.298950000004,19884.255976095617,17.030327650228614,0.0,880,1100,1200,1300,1600,1900,2200,2500,3800,4400,4400
,Aggregated,3527,0,890.0,1091.651032699461,27.441113000008954,17130.304544000013,5890.664303941026,59.826658986410685,0.0,890,1100,1300,1400,1900,2400,3200,7600,16000,17000,17000
