Type,Name,Request Count,Failure Count,Median Response Time,Average Response Time,Min Response Time,Max Response Time,Average Content Size,Requests/s,Failures/s,50%,66%,75%,80%,90%,95%,98%,99%,99.9%,99.99%,100%
GET,/access-control/authorize?uri=%2Fshare%2Fread&method=POST&resourceId=00000000-0000-0000-0000-000000000001,988,0,1100.0,1263.434307764169,41.54273900002181,5270.912272000032,159.0,16.79829643382921,0.0,1100,1500,1600,1800,2100,2700,3100,3200,5300,5300,5300
DELETE,/access-control/grant,496,0,920.0,1042.0224361108887,16.418104000024414,3435.7033870000464,255.0,8.433152865566083,0.0,920,1200,1300,1400,1900,2400,2600,3000,3400,3400,3400
POST,/access-control/grant,506,0,840.0,916.790740715413,48.19300700000895,2871.530297999982,255.0,8.603176108823464,0.0,840,1100,1200,1300,1600,2000,2500,2600,2900,2900,2900
POST,/oidc/login,512,0,280.0,1187.6725370625002,34.616517000017666,12599.365147000015,770.794921875,8.70519005477789,0.0,280,420,530,640,4800,8200,11000,11000,13000,13000,13000
GET,/roles,999,0,890.0,951.4164958608601,28.178298000000268,4334.225371999992,19807.286286286286,16.98532200141233,0.0,890,1200,1300,1400,1700,2000,2400,2500,4300,4300,4300
,Aggregated,3501,0,880.0,1081.8525442802047,16.418104000024414,12599.365147000015,5882.527277920594,59.52513746440898,0.0,880,1200,1300,1500,1900,2500,3300,6600,12000,13000,13000
