Type,Name,Request Count,Failure Count,Median Response Time,Average Response Time,Min Response Time,Max Response Time,Average Content Size,Requests/s,Failures/s,50%,66%,75%,80%,90%,95%,98%,99%,99.9%,99.99%,100%
GET,/access-control/authorize?uri=%2Fshare%2Fread&method=POST&resourceId=00000000-0000-0000-0000-000000000001,982,0,1100.0,1174.0424157148689,28.463079999994534,4529.044159000023,159.0,16.71765443610992,0.0,1100,1400,1500,1600,1900,2400,2900,3100,4500,4500,4500
DELETE,/access-control/grant,493,0,880.0,934.8089062352942,21.295415999986744,3747.5981430000047,255.0,8.392875394095917,0.0,880,1100,1200,1300,1700,2200,2400,2500,3700,3700,3700
POST,/access-control/grant,501,0,850.0,875.0452395209559,93.34691300000486,2613.6448029999997,255.0,8.529068098259746,0.0,850,990,1100,1200,1500,1800,2200,2300,2600,2600,2600
POST,/oidc/login,509,0,210.0,1758.0385816876233,26.945297999986906,18050.062975999994,770.7937131630648,8.665260802423575,0.0,210,480,690,790,7300,11000,14000,17000,18000,18000,18000
GET,/roles,987,0,830.0,875.5102365471124,31.966828999998143,4075.007317000029,18694.156028368794,16.802774876212315,0.0,830,1000,1100,1200,1500,1800,2300,2400,4100,4100,4100
,Aggregated,3472,0,850.0,1097.6780960705667,21.295415999986744,18050.062975999994,5545.240207373272,59.10763360710147,0.0,860,1100,1300,1400,1800,2300,4800,10000,17000,18000,18000
