Type,Name,Request Count,Failure Count,Median Response Time,Average Response Time,Min Response Time,Max Response Time,Average Content Size,Requests/s,Failures/s,50%,66%,75%,80%,90%,95%,98%,99%,99.9%,99.99%,100%
GET,/access-control/authorize?uri=%2Fshare%2Fread&method=POST&resourceId=00000000-0000-0000-0000-000000000001,991,0,830.0,938.6295656690199,80.75280200000634,3448.4948679999547,159.0,16.63193605533959,0.0,830,1000,1100,1300,1700,2000,2200,2600,3400,3400,3400
DELETE,/access-control/grant,499,0,630.0,769.4915850861728,27.815445999976873,4476.433535000013,99.0,8.37470846782488,0.0,630,850,1000,1100,1500,1800,2100,2500,4500,4500,4500
POST,/access-control/grant,523,0,650.0,762.1335763346074,31.357038000010107,3264.9587000000224,99.0,8.777500057459743,0.0,650,810,930,1000,1400,1700,2000,2500,3300,3300,3300
POST,/oidc/login,529,0,530.0,3165.3263785066147,56.415626999978485,26796.825393999996,770.8015122873346,8.87819795486846,0.0,530,740,3400,5500,11000,18000,24000,25000,27000,27000,27000
GET,/roles,1010,0,600.0,752.0969726990099,37.05908400002045,3636.854545999995,16522.836633663366,16.95081273046719,0.0,600,780,960,1100,1500,1700,2300,2500,3200,3600,3600
,Aggregated,3552,0,670.0,1167.4633045087255,27.815445999976873,26796.825393999996,4885.857545045045,59.61315526595987,0.0,670,880,1000,1200,1700,2400,7900,14000,26000,27000,27000
