Type,Name,Request Count,Failure Count,Median Response Time,Average Response Time,Min Response Time,Max Response Time,Average Content Size,Requests/s,Failures/s,50%,66%,75%,80%,90%,95%,98%,99%,99.9%,99.99%,100%
GET,/access-control/authorize?uri=%2Fshare%2Fread&method=POST&resourceId=00000000-0000-0000-0000-000000000001,1020,0,1100.0,1170.6549601598012,34.607801000049676,3810.100750999993,159.0,17.305209127983023,0.0,1100,1300,1500,1700,2000,2300,2600,3000,3800,3800,3800
DELETE,/access-control/grant,513,0,890.0,938.8594009220272,47.13640399995711,3913.8876170000003,255.0,8.703502237897343,0.0,890,1100,1200,1400,1700,1900,2000,2400,3900,3900,3900
POST,/access-control/grant,525,0,780.0,854.1661389295231,30.569225000022016,3297.3604960000102,255.0,8.907092933520673,0.0,780,980,1100,1200,1500,1800,2100,2500,3300,3300,3300
POST,/oidc/login,525,0,240.0,1615.2884360495252,33.48232899998038,17451.22305299998,770.8,8.907092933520673,0.0,240,410,540,710,6500,10000,15000,16000,17000,17000,17000
GET,/roles,1030,0,810.0,852.3037193300977,28.23709599999802,4435.328549000019,19035.16213592233,17.474868041002463,0.0,810,1000,1100,1200,1500,1700,1900,2000,3600,4400,4400
,Aggregated,3613,0,830.0,1065.6073664018816,28.23709599999802,17451.22305299998,5656.727650152228,61.29776527392417,0.0,830,1100,1200,1400,1800,2200,4300,8300,17000,17000,17000
