Type,Name,Request Count,Failure Count,Median Response Time,Average Response Time,Min Response Time,Max Response Time,Average Content Size,Requests/s,Failures/s,50%,66%,75%,80%,90%,95%,98%,99%,99.9%,99.99%,100%
GET,/access-control/authorize?uri=%2Fshare%2Fread&method=POST&resourceId=00000000-0000-0000-0000-000000000001,983,0,1300.0,1369.7936709511698,52.39128699997764,4464.108592000002,159.0,16.578855042225126,0.0,1300,1600,1800,1900,2200,2400,2800,3200,4500,4500,4500
DELETE,/access-control/grant,492,0,1100.0,1096.2990252073164,24.196667000069283,3548.1387009999708,255.0,8.297860305976359,0.0,1100,1300,1500,1600,1900,2000,2400,3000,3500,3500,3500
POST,/access-control/grant,500,0,920.0,978.9629831620027,61.98513099991487,3188.3035679999807,255.0,8.432784863797114,0.0,920,1200,1300,1400,1600,1900,2100,2400,3200,3200,3200
POST,/oidc/login,506,0,230.0,1057.3674293359684,37.22145200003979,13213.782033000029,770.7924901185771,8.533978282162678,0.0,230,390,510,590,3800,7500,12000,12000,13000,13000,13000
GET,/roles,987,0,920.0,990.2195338429576,29.680123000048297,3923.6891939999623,20636.375886524824,16.646317321135502,0.0,920,1100,1300,1500,1700,1900,2200,2600,3900,3900,3900
,Aggregated,3468,0,960.0,1121.0329843353509,24.196667000069283,13213.782033000029,6103.6277393310265,58.48979581529678,0.0,960,1300,1500,1600,2000,2300,3200,6100,13000,13000,13000
