Type,Name,Request Count,Failure Count,Median Response Time,Average Response Time,Min Response Time,Max Response Time,Average Content Size,Requests/s,Failures/s,50%,66%,75%,80%,90%,95%,98%,99%,99.9%,99.99%,100%
GET,/access-control/authorize?uri=%2Fshare%2Fread&method=POST&resourceId=00000000-0000-0000-0000-000000000001,996,0,1200.0,1178.8370366345364,67.32215099998484,4995.077010999978,159.0,16.87439871177122,0.0,1200,1400,1500,1600,1900,2300,2800,3200,5000,5000,5000
DELETE,/access-control/grant,498,0,930.0,955.5806592369479,33.3213519999731,3328.011685999968,255.0,8.43719935588561,0.0,930,1100,1200,1300,1600,2100,2500,2600,3300,3300,3300
POST,/access-control/grant,510,0,830.0,881.0322345078446,57.515805000036835,3392.702504000056,255.0,8.640505364461166,0.0,840,1100,1200,1300,1400,1600,2200,2500,3400,3400,3400
POST,/oidc/login,515,0,280.0,1604.7111320854356,36.66033700000071,18648.958257000006,770.7961165048544,8.72521620136765,0.0,280,460,630,790,6400,10000,15000,17000,19000,19000,19000
GET,/roles,1000,0,870.0,862.914546735999,28.212955000014972,3169.2785780000463,18872.293,16.942167381296404,0.0,870,1100,1200,1200,1500,1700,2000,2400,3200,3200,3200
,Aggregated,3519,0,870.0,1076.6320193654435,28.212955000014972,18648.958257000006,5593.821256038647,59.619487014782045,0.0,870,1100,1300,1400,1700,2200,4000,8200,17000,19000,19000
