Type,Name,Request Count,Failure Count,Median Response Time,Average Response Time,Min Response Time,Max Response Time,Average Content Size,Requests/s,Failures/s,50%,66%,75%,80%,90%,95%,98%,99%,99.9%,99.99%,100%
GET,/access-control/authorize?uri=%2Fshare%2Fread&method=POST&resourceId=00000000-0000-0000-0000-000000000001,952,0,1300.0,1415.7669415420155,48.46824200001265,4723.274927000034,159.0,16.08065052861763,0.0,1300,1600,1800,2000,2300,2600,3000,3300,4700,4700,4700
DELETE,/access-control/grant,481,0,1100.0,1162.7403032141378,36.62024900000915,3388.8711490000105,255.0,8.124782462463319,0.0,1100,1400,1500,1700,1900,2200,2600,2800,3400,3400,3400
POST,/access-control/grant,488,0,960.0,1048.3379551086052,114.39147999999477,2933.6091199999714,255.0,8.243022539879625,0.0,960,1200,1400,1500,1800,1900,2300,2400,2900,2900,2900
POST,/oidc/login,494,0,270.0,1117.6509081153838,36.62301399998569,15082.557158999974,770.7874493927126,8.34437117766503,0.0,270,460,580,700,3300,7700,11000,13000,15000,15000,15000
GET,/roles,961,0,1000.0,1062.7496235931328,47.595580999995946,3776.990411999975,21187.53798126951,16.232673485295738,0.0,1000,1200,1400,1500,1800,2000,2300,3100,3800,3800,3800
,Aggregated,3376,0,1000.0,1182.4938012941354,36.62024900000915,15082.557158999974,6261.9834123222745,57.02550019392134,0.0,1000,1300,1500,1600,2000,2400,3300,6000,13000,15000,15000
