Type,Name,Request Count,Failure Count,Median Response Time,Average Response Time,Min Response Time,Max Response Time,Average Content Size,Requests/s,Failures/s,50%,66%,75%,80%,90%,95%,98%,99%,99.9%,99.99%,100%
GET,/access-control/authorize?uri=%2Fshare%2Fread&method=POST&resourceId=00000000-0000-0000-0000-000000000001,985,0,1400.0,1299.7891239949236,63.95311199997877,3772.0423220000043,159.0,16.691527965340004,0.0,1400,1500,1600,1700,2100,2300,2400,2700,3800,3800,3800
DELETE,/access-control/grant,494,0,1000.0,1033.0059573137662,55.97816699997793,3403.112845999999,255.0,8.371182553175595,0.0,1000,1200,1300,1300,1700,1900,2300,2900,3400,3400,3400
POST,/access-control/grant,502,0,1000.0,987.196077282869,42.69551400000182,2953.1721199999765,255.0,8.506748262538762,0.0,1000,1200,1300,1300,1500,1800,1900,2300,3000,3000,3000
POST,/oidc/login,506,0,210.0,1262.3258515039533,24.020049000000654,15151.877845,770.7924901185771,8.574531117220346,0.0,210,420,530,670,5100,8200,13000,13000,15000,15000,15000
GET,/roles,992,0,1000.0,997.260913804434,35.4520090000392,3303.592748000028,20153.668346774193,16.810147961032776,0.0,1000,1200,1300,1300,1600,1800,2100,2400,3300,3300,3300
,Aggregated,3479,0,1000.0,1125.0903616553603,24.020049000000654,15151.877845,5976.733256682955,58.95413785930748,0.0,1000,1200,1400,1500,1800,2200,3100,6900,14000,15000,15000
