Type,Name,Request Count,Failure Count,Median Response Time,Average Response Time,Min Response Time,Max Response Time,Average Content Size,Requests/s,Failures/s,50%,66%,75%,80%,90%,95%,98%,99%,99.9%,99.99%,100%
GET,/access-control/authorize,1562,0,2200.0,3026.5748749564655,96.92152900004203,10599.305630999992,149.21190781049935,26.390594068469333,0.0,2200,2500,4200,5100,5600,5700,5900,6000,11000,11000,11000
POST,/oidc/login,182,0,250.0,276.8771194285683,47.221158999946056,904.4363799999928,792.4065934065934,3.0749603844183215,0.0,250,330,400,440,590,650,840,860,900,900,900
GET,/roles,173,0,2200.0,2378.931000375716,128.2168110000157,9421.907885999986,65905.08670520231,2.922901903870163,0.0,2200,2400,3200,3400,3800,4200,5200,7500,9400,9400,9400
,Aggregated,1917,0,2200.0,2707.071806720392,47.221158999946056,10599.305630999992,6144.427230046948,32.388456356757814,0.0,2200,2400,3700,4400,5500,5700,5800,5900,11000,11000,11000
