Type,Name,Request Count,Failure Count,Median Response Time,Average Response Time,Min Response Time,Max Response Time,Average Content Size,Requests/s,Failures/s,50%,66%,75%,80%,90%,95%,98%,99%,99.9%,99.99%,100%
GET,/access-control/authorize?uri=%2Fshare%2Fread&method=POST&resourceId=00000000-0000-0000-0000-000000000001,1029,0,1200.0,1286.0159779630703,49.67928700000357,4784.865671000006,159.0,17.174851090020002,0.0,1200,1500,1600,1700,2100,2600,3000,3400,4200,4800,4800
DELETE,/access-control/grant,516,0,960.0,1042.8394496686046,18.950130000007448,4024.750300999983,255.0,8.612461771088748,0.0,970,1200,1300,1400,1800,2400,2700,2800,4000,4000,4000
POST,/access-control/grant,524,0,850.0,934.6901848053454,49.185824000005596,5086.675869000004,255.0,8.745988310175395,0.0,850,1100,1200,1300,1400,1800,2400,2600,5100,5100,5100
POST,/oidc/login,528,0,200.0,1245.2674105492426,25.590547999968294,17100.038563999988,770.8011363636364,8.812751579718718,0.0,200,320,410,510,4500,9000,14000,15000,17000,17000,17000
GET,/roles,1034,0,940.0,950.1422548162478,37.88370200004465,3379.5255420000103,20222.5918762089,17.258305176949158,0.0,940,1100,1200,1300,1600,1800,2500,2600,3400,3400,3400
,Aggregated,3631,0,930.0,1099.1852212726542,18.950130000007448,17100.038563999988,5988.971082346461,60.60435792795202,0.0,930,1200,1300,1400,1800,2400,3500,6800,16000,17000,17000
