Type,Name,Request Count,Failure Count,Median Response Time,Average Response Time,Min Response Time,Max Response Time,Average Content Size,Requests/s,Failures/s,50%,66%,75%,80%,90%,95%,98%,99%,99.9%,99.99%,100%
GET,/access-control/authorize?uri=%2Fshare%2Fread&method=POST&resourceId=00000000-0000-0000-0000-000000000001,998,0,1200.0,1244.6669016653289,56.11038600000029,4208.21463499999,159.0,16.908824394544602,0.0,1200,1500,1600,1700,2200,2400,2600,2800,4200,4200,4200
DELETE,/access-control/grant,499,0,1000.0,987.7676073266535,39.17258799998535,3799.0722090000304,255.0,8.454412197272301,0.0,1000,1200,1300,1400,1700,1900,2200,2700,3800,3800,3800
POST,/access-control/grant,514,0,840.0,872.4271954319061,24.770828999976402,2279.6660690000294,255.0,8.708552844484895,0.0,840,1100,1200,1300,1400,1600,1900,2000,2300,2300,2300
POST,/oidc/login,519,0,250.0,1468.3079640847805,27.70093600003065,14496.938478000004,770.7976878612717,8.793266393555761,0.0,250,410,550,640,6500,10000,12000,14000,14000,14000,14000
GET,/roles,1002,0,900.0,931.6551545778433,22.64580999997179,3929.5770650000463,19558.97205588822,16.976595233801294,0.0,900,1100,1200,1300,1600,1900,2200,2300,3700,3900,3900
,Aggregated,3532,0,910.0,1098.2648586118335,22.64580999997179,14496.938478000004,5780.0484144960365,59.84165106365886,0.0,910,1200,1300,1500,1800,2300,4400,8000,14000,14000,14000
