Type,Name,Request Count,Failure Count,Median Response Time,Average Response Time,Min Response Time,Max Response Time,Average Content Size,Requests/s,Failures/s,50%,66%,75%,80%,90%,95%,98%,99%,99.9%,99.99%,100%
GET,/access-control/authorize?uri=%2Fshare%2Fread&method=POST&resourceId=00000000-0000-0000-0000-000000000001,1001,0,1200.0,1238.1379418151828,106.00373400001217,4168.024905000038,159.0,16.867525845521484,0.0,1200,1500,1700,1800,2000,2300,2600,2800,4000,4200,4200
DELETE,/access-control/grant,501,0,960.0,1002.4863438403194,30.62678000003416,4379.623642000013,255.0,8.442188260345917,0.0,960,1200,1300,1400,1600,2000,2200,2600,4400,4400,4400
POST,/access-control/grant,509,0,870.0,933.02367938507,36.14648899997519,3904.4759910000266,255.0,8.576993661708727,0.0,870,1200,1300,1400,1600,1700,2100,2200,3900,3900,3900
POST,/oidc/login,512,0,260.0,1293.1061666757826,28.6286770000288,15597.941511000045,770.794921875,8.62754568721978,0.0,270,410,550,650,4900,8400,13000,14000,16000,16000,16000
GET,/roles,1005,0,890.0,923.9873722348258,35.18571500001144,3182.4974460000135,19650.605970149252,16.934928546202887,0.0,890,1100,1300,1300,1500,1800,2200,2400,3100,3200,3200
,Aggregated,3528,0,910.0,1079.1407191785715,28.6286770000288,15597.941511000045,5827.725340136054,59.449182000998796,0.0,910,1200,1400,1500,1800,2200,3700,6000,14000,16000,16000
