Type,Name,Request Count,Failure Count,Median Response Time,Average Response Time,Min Response Time,Max Response Time,Average Content Size,Requests/s,Failures/s,50%,66%,75%,80%,90%,95%,98%,99%,99.9%,99.99%,100%
GET,/access-control/authorize?uri=%2Fshare%2Fread&method=POST&resourceId=00000000-0000-0000-0000-000000000001,1045,0,1000.0,1185.681150398089,30.980541999952038,4116.438553999956,159.0,17.474265347695983,0.0,1000,1300,1600,1800,2300,2600,3000,3100,4100,4100,4100
DELETE,/access-control/grant,524,0,840.0,972.5595143492401,28.077460999952564,3392.8463849999844,255.0,8.76221535138057,0.0,850,1100,1400,1500,1900,2100,2400,2400,3400,3400,3400
POST,/access-control/grant,533,0,750.0,884.2648663696044,54.516919999969105,2849.7472599999583,255.0,8.912711416576037,0.0,750,1000,1100,1300,1800,2000,2300,2500,2800,2800,2800
POST,/oidc/login,538,0,320.0,1671.4159769646844,27.430130999960056,17988.071978999982,770.8048327137546,8.996320341684632,0.0,320,480,630,720,6500,11000,15000,16000,18000,18000,18000
GET,/roles,1048,0,700.0,786.5435416946558,21.301090000065415,3235.9637460000386,18790.27576335878,17.52443070276114,0.0,700,910,1000,1100,1500,1900,2200,2400,2500,3200,3200
,Aggregated,3688,0,750.0,1069.276190011661,21.301090000065415,17988.071978999982,5570.117136659436,61.66994316009836,0.0,750,1000,1200,1400,2000,2500,3900,9500,17000,18000,18000
