Type,Name,Request Count,Failure Count,Median Response Time,Average Response Time,Min Response Time,Max Response Time,Average Content Size,Requests/s,Failures/s,50%,66%,75%,80%,90%,95%,98%,99%,99.9%,99.99%,100%
GET,/access-control/authorize?uri=%2Fshare%2Fread&method=POST&resourceId=00000000-0000-0000-0000-000000000001,976,0,1300.0,1309.4170955553268,43.409707000023445,4869.100055999979,159.0,16.560229685868844,0.0,1300,1500,1600,1800,2100,2400,2600,2800,4900,4900,4900
DELETE,/access-control/grant,494,0,1000.0,1038.3116286113366,34.055759000011676,3666.5012760000195,255.0,8.381919533626238,0.0,1000,1200,1300,1400,1800,2100,2400,2500,3700,3700,3700
POST,/access-control/grant,505,0,950.0,965.8870920396056,46.17005199997948,3282.733663999977,255.0,8.568561466561235,0.0,950,1100,1200,1300,1600,1800,2200,2400,3300,3300,3300
POST,/oidc/login,507,0,210.0,1173.8476811203136,29.731204999961847,15724.80835500005,770.792899408284,8.602496363458508,0.0,210,360,470,590,4600,7800,12000,13000,16000,16000,16000
GET,/roles,988,0,970.0,996.0479886477743,32.18633599999521,3608.679274999986,20049.24089068826,16.763839067252476,0.0,970,1100,1300,1400,1700,1900,2300,2600,3600,3600,3600
,Aggregated,3470,0,990.0,1111.794293483574,29.731204999961847,15724.80835500005,5939.3,58.8770461167673,0.0,990,1200,1400,1500,1900,2300,3200,7000,14000,16000,16000
