Type,Name,Request Count,Failure Count,Median Response Time,Average Response Time,Min Response Time,Max Response Time,Average Content Size,Requests/s,Failures/s,50%,66%,75%,80%,90%,95%,98%,99%,99.9%,99.99%,100%
GET,/access-control/authorize?uri=%2Fshare%2Fread&method=POST&resourceId=00000000-0000-0000-0000-000000000001,969,0,1200.0,1327.3104866594413,47.2677919999569,3979.1329800000312,159.0,16.447169612021625,0.0,1200,1500,1700,1900,2300,2600,2800,2900,4000,4000,4000
DELETE,/access-control/grant,486,0,940.0,1049.1866535267484,38.59922100002677,3416.334758000005,255.0,8.249044820890102,0.0,940,1200,1400,1600,1800,2000,2400,2600,3400,3400,3400
POST,/access-control/grant,497,0,880.0,972.7242945271638,104.79606400002694,3956.4287909999507,255.0,8.435751596671565,0.0,880,1100,1200,1300,1800,2000,2200,2300,4000,4000,4000
POST,/oidc/login,499,0,200.0,1172.4326659458918,27.15075999998362,15318.928639000034,770.7895791583167,8.469698283177285,0.0,200,380,540,620,4500,8800,12000,14000,15000,15000,15000
GET,/roles,974,0,900.0,1004.9548669568794,37.48672000000397,3679.6066349999705,20184.536960985628,16.532036328285926,0.0,900,1100,1300,1500,1800,2000,2200,2500,3700,3700,3700
,Aggregated,3425,0,920.0,1122.1554716175183,27.15075999998362,15318.928639000034,5970.539854014599,58.1337006410465,0.0,920,1200,1400,1600,2000,2300,3100,6100,14000,15000,15000
