Type,Name,Request Count,Failure Count,Median Response Time,Average Response Time,Min Response Time,Max Response Time,Average Content Size,Requests/s,Failures/s,50%,66%,75%,80%,90%,95%,98%,99%,99.9%,99.99%,100%
GET,/access-control/authorize?uri=%2Fshare%2Fread&method=POST&resourceId=00000000-0000-0000-0000-000000000001,1022,0,1100.0,1159.5450882710359,57.86727100002054,3574.663398000041,159.0,17.321699243302742,0.0,1100,1300,1600,1700,2000,2200,2400,2700,3400,3600,3600
DELETE,/access-control/grant,515,0,840.0,896.8921991184442,20.858602999965115,3224.4551139999658,255.0,8.728644922016548,0.0,840,1100,1200,1300,1600,1800,2000,2100,3200,3200,3200
POST,/access-control/grant,522,0,760.0,845.4290122720321,37.87588200003711,2595.525797999983,255.0,8.847286697655607,0.0,760,990,1100,1200,1500,1600,1900,2100,2600,2600,2600
POST,/oidc/login,529,0,230.0,1647.787563440453,30.514617999983784,18740.505714999985,770.8015122873346,8.965928473294667,0.0,230,450,630,740,6000,12000,15000,17000,19000,19000,19000
GET,/roles,1033,0,750.0,840.05450948306,25.462803999971584,3016.1520149999888,19070.348499515974,17.508136319306978,0.0,750,950,1100,1200,1500,1700,1900,2100,2600,3000,3000
,Aggregated,3621,0,800.0,1057.0904270977635,20.858602999965115,18740.505714999985,5670.907760287213,61.37169565557654,0.0,800,1000,1200,1400,1700,2100,4000,8800,18000,19000,19000
