Type,Name,Request Count,Failure Count,Median Response Time,Average Response Time,Min Response Time,Max Response Time,Average Content Size,Requests/s,Failures/s,50%,66%,75%,80%,90%,95%,98%,99%,99.9%,99.99%,100%
GET,/access-control/authorize?uri=%2Fshare%2Fread&method=POST&resourceId=00000000-0000-0000-0000-000000000001,992,0,1200.0,1259.1247325524187,48.97775699998874,5707.390814999997,159.0,16.81720174522376,0.0,1200,1500,1700,1800,2100,2300,2800,3100,5700,5700,5700
DELETE,/access-control/grant,499,0,930.0,1016.6147678236488,36.223205999988295,3101.690883999993,255.0,8.459459345631709,0.0,930,1200,1500,1500,1800,2200,2500,2900,3100,3100,3100
POST,/access-control/grant,506,0,860.0,908.1146932885367,49.40311699999711,2529.3319919999817,255.0,8.578129116011313,0.0,860,1000,1200,1300,1600,1800,2200,2300,2500,2500,2500
POST,/oidc/login,508,0,340.0,1394.1003040039395,30.065587000024152,18333.070217,770.7933070866142,8.612034764691199,0.0,340,490,640,730,4800,8800,12000,14000,18000,18000,18000
GET,/roles,999,0,840.0,929.0595662502494,21.772744000031707,3690.221921999978,19600.866866866865,16.935871515603363,0.0,840,1100,1300,1400,1700,1900,2300,2600,3700,3700,3700
,Aggregated,3504,0,880.0,1099.3670090633566,21.772744000031707,18333.070217,5818.159817351599,59.40269648716134,0.0,880,1200,1400,1500,1900,2300,3700,6500,15000,18000,18000
