Type,Name,Request Count,Failure Count,Median Response Time,Average Response Time,Min Response Time,Max Response Time,Average Content Size,Requests/s,Failures/s,50%,66%,75%,80%,90%,95%,98%,99%,99.9%,99.99%,100%
GET,/access-control/authorize?uri=%2Fshare%2Fread&method=POST&resourceId=00000000-0000-0000-0000-000000000001,953,0,1300.0,1362.2112925613844,85.489774999985,4587.280929999963,159.0,16.122337153642782,0.0,1300,1600,1800,2000,2300,2600,2900,3100,4600,4600,4600
DELETE,/access-control/grant,478,0,1100.0,1145.0849225941413,29.52120999998442,4755.341855999973,255.0,8.086544763317155,0.0,1100,1400,1600,1700,2000,2300,2700,2800,4800,4800,4800
POST,/access-control/grant,496,0,1100.0,1147.6938579999996,54.017570999974396,3213.408135999998,255.0,8.391059001266338,0.0,1100,1400,1700,1700,2000,2200,2500,2600,3200,3200,3200
POST,/oidc/login,498,0,310.0,1426.8099303714862,32.093650999968304,14500.195605999977,770.789156626506,8.424893916594025,0.0,310,470,640,750,6300,9700,12000,13000,15000,15000,15000
GET,/roles,961,0,720.0,773.607044783558,21.392246999994313,3225.262133000001,19785.950052029137,16.25767681495353,0.0,720,850,950,1000,1400,1600,1900,2400,3200,3200,3200
,Aggregated,3386,0,880.0,1142.5817553871836,21.392246999994313,14500.195605999977,5847.031305375074,57.28251164977383,0.0,880,1200,1500,1600,2000,2500,3900,8000,14000,15000,15000
