Type,Name,Request Count,Failure Count,Median Response Time,Average Response Time,Min Response Time,Max Response Time,Average Content Size,Requests/s,Failures/s,50%,66%,75%,80%,90%,95%,98%,99%,99.9%,99.99%,100%
GET,/access-control/authorize?uri=%2Fshare%2Fread&method=POST&resourceId=00000000-0000-0000-0000-000000000001,994,0,1300.0,1383.1370413742466,70.27123099999244,4400.021008000011,159.0,16.837247393119938,0.0,1300,1600,1800,1900,2200,2500,2700,2800,4400,4400,4400
DELETE,/access-control/grant,498,0,1000.0,1101.1242604377521,20.888371000012285,3551.5543039999784,255.0,8.435562577237151,0.0,1000,1300,1400,1600,1800,2000,2800,3200,3600,3600,3600
POST,/access-control/grant,510,0,930.0,973.3716537960781,49.9930880000079,2789.3128270000034,255.0,8.638829145363347,0.0,940,1100,1200,1300,1600,1900,2100,2100,2800,2800,2800
POST,/oidc/login,512,0,200.0,962.542149146485,28.882089000035194,13764.076649999992,770.794921875,8.672706906717714,0.0,200,350,470,550,860,7200,11000,13000,14000,14000,14000
GET,/roles,1001,0,980.0,1054.8474900329672,32.70427100000006,4410.407922000048,21227.18881118881,16.955819557860217,0.0,980,1200,1400,1500,1800,2000,2500,2800,3300,4400,4400
,Aggregated,3515,0,1000.0,1128.9734173957333,20.888371000012285,13764.076649999992,6275.433570412518,59.54016558029837,0.0,1000,1300,1400,1600,1900,2300,3000,4900,13000,14000,14000
