Type,Name,Request Count,Failure Count,Median Response Time,Average Response Time,Min Response Time,Max Response Time,Average Content Size,Requests/s,Failures/s,50%,66%,75%,80%,90%,95%,98%,99%,99.9%,99.99%,100%
GET,/access-control/authorize?uri=%2Fshare%2Fread&method=POST&resourceId=00000000-0000-0000-0000-000000000001,984,0,1200.0,1243.8104699451212,44.28956399999606,3116.3023180000096,159.0,16.657100161079093,0.0,1200,1500,1600,1800,2000,2200,2700,2800,3100,3100,3100
DELETE,/access-control/grant,497,0,970.0,1003.0374004849108,38.06437099996174,3704.0820610000083,255.0,8.413189817130396,0.0,970,1200,1300,1400,1600,1900,2200,2300,3700,3700,3700
POST,/access-control/grant,506,0,930.0,962.5711155494072,25.87133599996605,3724.6735859999944,255.0,8.565541342993924,0.0,940,1100,1200,1300,1500,1700,2200,2300,3700,3700,3700
POST,/oidc/login,512,0,300.0,1419.732508724608,27.91236400003072,13702.624783999965,770.794921875,8.667109026902944,0.0,300,500,670,800,5700,9500,12000,13000,14000,14000,14000
GET,/roles,994,0,910.0,928.7863280613682,23.18357100000412,3727.093514000046,20034.147887323943,16.826379634260793,0.0,910,1100,1200,1300,1500,1700,2200,2400,3700,3700,3700
,Aggregated,3493,0,940.0,1104.951826365588,23.18357100000412,13702.624783999965,5932.09590609791,59.12931998236715,0.0,940,1200,1300,1400,1800,2200,3700,7800,13000,14000,14000
