Type,Name,Request Count,Failure Count,Median Response Time,Average Response Time,Min Response Time,Max Response Time,Average Content Size,Requests/s,Failures/s,50%,66%,75%,80%,90%,95%,98%,99%,99.9%,99.99%,100%
GET,/access-control/authorize?uri=%2Fshare%2Fread&method=POST&resourceId=00000000-0000-0000-0000-000000000001,971,0,1300.0,1378.5527788352194,47.986569999977746,4142.306363999978,159.0,16.388366741289353,0.0,1300,1500,1700,1900,2300,2800,3600,3800,4100,4100,4100
DELETE,/access-control/grant,487,0,990.0,1105.9768385749485,24.261701999989782,4412.992046999989,255.0,8.219500106084363,0.0,990,1200,1400,1500,2000,2500,2900,3000,4400,4400,4400
POST,/access-control/grant,493,0,940.0,1021.9152571541589,37.66456700003573,5287.32626599998,255.0,8.320767047843102,0.0,940,1100,1200,1400,1800,2100,2600,3100,5300,5300,5300
POST,/oidc/login,499,0,250.0,1159.6110608697406,34.148424000022715,15071.93756800001,770.7895791583167,8.422033989601841,0.0,250,410,560,680,3700,8200,13000,14000,15000,15000,15000
GET,/roles,977,0,920.0,1016.3254765578305,67.38756199996487,4927.412859000015,20461.16171954964,16.489633683048094,0.0,920,1100,1300,1400,1800,2100,2700,2900,4900,4900,4900
,Aggregated,3427,0,940.0,1153.36609290429,24.261701999989782,15071.93756800001,6063.457251240152,57.84030156786675,0.0,940,1200,1400,1600,2000,2600,3700,6600,14000,15000,15000
