Type,Name,Request Count,Failure Count,Median Response Time,Average Response Time,Min Response Time,Max Response Time,Average Content Size,Requests/s,Failures/s,50%,66%,75%,80%,90%,95%,98%,99%,99.9%,99.99%,100%
GET,/access-control/authorize?uri=%2Fshare%2Fread&method=POST&resourceId=00000000-0000-0000-0000-000000000001,982,0,1200.0,1312.8207570539705,87.0772779999811,3694.5931040000346,159.0,16.63170141664334,0.0,1200,1400,1600,1800,2200,2600,3100,3200,3700,3700,3700
DELETE,/access-control/grant,495,0,950.0,1055.709089139395,22.321572000009837,3181.2794190000204,255.0,8.38359694627134,0.0,950,1200,1400,1400,1800,2300,2700,2800,3200,3200,3200
POST,/access-control/grant,505,0,890.0,955.0551688594065,61.283286000048065,3045.2439630000185,255.0,8.552962541145508,0.0,890,1100,1200,1300,1500,1800,2100,2400,3000,3000,3000
POST,/oidc/login,509,0,260.0,1155.4150281905709,25.0684790000264,13421.345323999958,770.7937131630648,8.620708779095175,0.0,260,410,510,570,4800,8100,11000,12000,13000,13000,13000
GET,/roles,988,0,890.0,953.9658658572854,31.49934100002838,4757.481458000029,20655.846153846152,16.733320773567844,0.0,890,1100,1200,1300,1600,1800,2400,2600,4800,4800,4800
,Aggregated,3479,0,910.0,1099.3657279795927,22.321572000009837,13421.345323999958,6096.995688416211,58.92229045672321,0.0,910,1200,1300,1400,1900,2400,3200,6700,12000,13000,13000
