Type,Name,Request Count,Failure Count,Median Response Time,Average Response Time,Min Response Time,Max Response Time,Average Content Size,Requests/s,Failures/s,50%,66%,75%,80%,90%,95%,98%,99%,99.9%,99.99%,100%
GET,/access-control/authorize?uri=%2Fshare%2Fread&method=POST&resourceId=00000000-0000-0000-0000-000000000001,978,0,1200.0,1252.7924850470342,42.314861000022574,4679.85244800002,159.0,16.601212054653715,0.0,1200,1500,1600,1700,2000,2600,3000,3300,4700,4700,4700
DELETE,/access-control/grant,488,0,970.0,990.7621380553257,22.752207999985785,2890.8644340000365,255.0,8.283631372874245,0.0,970,1200,1300,1300,1600,2300,2600,2700,2900,2900,2900
POST,/access-control/grant,501,0,920.0,927.8362062734542,64.1329040000187,3641.3845999999808,255.0,8.50430188075819,0.0,920,1200,1300,1300,1500,1600,2500,2600,3600,3600,3600
POST,/oidc/login,503,0,310.0,1380.8717828747535,32.25007800000412,17630.089381000005,770.7912524850894,8.538251189663413,0.0,310,450,570,670,4400,9900,14000,15000,18000,18000,18000
GET,/roles,984,0,900.0,911.849222292685,15.452162999963548,2876.899342999991,19498.240853658535,16.703059981369382,0.0,900,1100,1200,1300,1500,1900,2200,2500,2900,2900,2900
,Aggregated,3454,0,900.0,1090.1583829218266,15.452162999963548,17630.089381000005,5785.082223508975,58.630456479318944,0.0,910,1200,1300,1400,1800,2400,3400,7200,15000,18000,18000
