Type,Name,Request Count,Failure Count,Median Response Time,Average Response Time,Min Response Time,Max Response Time,Average Content Size,Requests/s,Failures/s,50%,66%,75%,80%,90%,95%,98%,99%,99.9%,99.99%,100%
GET,/access-control/authorize?uri=%2Fshare%2Fread&method=POST&resourceId=00000000-0000-0000-0000-000000000001,991,0,1200.0,1195.417274390511,24.470258000008016,5038.798736999979,159.0,16.80203085324413,0.0,1200,1400,1600,1800,2000,2200,2400,3200,5000,5000,5000
DELETE,/access-control/grant,498,0,890.0,919.9983328815254,29.485955999973612,2866.0892429999762,255.0,8.44340198276042,0.0,900,1100,1300,1400,1600,1800,2300,2600,2900,2900,2900
POST,/access-control/grant,505,0,840.0,861.4133330891087,38.96356000001333,3038.146129999973,255.0,8.562084339947816,0.0,840,1000,1100,1200,1600,1700,1800,2000,3000,3000,3000
POST,/oidc/login,507,0,230.0,1407.001720185404,27.58003600001757,15688.370960999975,770.792899408284,8.5959935848585,0.0,230,410,550,630,5300,9200,12000,13000,16000,16000,16000
GET,/roles,996,0,870.0,911.1197500532138,17.299994999973478,4211.743828999999,19170.13453815261,16.88680396552084,0.0,870,1100,1200,1300,1500,1800,2300,2700,4200,4200,4200
,Aggregated,3497,0,870.0,1057.6655891029457,17.299994999973478,15688.370960999975,5689.899914212182,59.2903147263317,0.0,870,1100,1300,1400,1800,2200,3900,7900,14000,16000,16000
