Type,Name,Request Count,Failure Count,Median Response Time,Average Response Time,Min Response Time,Max Response Time,Average Content Size,Requests/s,Failures/s,50%,66%,75%,80%,90%,95%,98%,99%,99.9%,99.99%,100%
GET,/access-control/authorize?uri=%2Fshare%2Fread&method=POST&resourceId=00000000-0000-0000-0000-000000000001,1004,0,1300.0,1310.0470661254978,63.794932999996945,4085.6086549999873,159.0,16.961890030619266,0.0,1300,1500,1600,1700,2100,2400,2800,3100,4100,4100,4100
DELETE,/access-control/grant,502,0,1000.0,975.106602671315,31.607487000030687,3792.705434000027,255.0,8.480945015309633,0.0,1000,1100,1200,1300,1600,2000,2400,2500,3800,3800,3800
POST,/access-control/grant,515,0,940.0,945.4595274660213,41.72122599999284,3898.6730430000307,255.0,8.70057108144315,0.0,940,1100,1200,1300,1500,1800,2200,2400,3900,3900,3900
POST,/oidc/login,519,0,270.0,1276.0736963815039,31.542768000008437,15149.667794000037,770.7976878612717,8.768148332561154,0.0,270,460,600,670,5300,8800,13000,15000,15000,15000,15000
GET,/roles,1011,0,990.0,988.1740349624139,36.52420399998846,3747.958880999988,20240.797230464887,17.080150220075776,0.0,990,1100,1300,1300,1600,2200,2400,2500,3300,3700,3700
,Aggregated,3551,0,980.0,1113.2156078132894,31.542768000008437,15149.667794000037,5993.371163052661,59.99170468000898,0.0,980,1200,1300,1500,1800,2300,3300,6800,15000,15000,15000
