Type,Name,Request Count,Failure Count,Median Response Time,Average Response Time,Min Response Time,Max Response Time,Average Content Size,Requests/s,Failures/s,50%,66%,75%,80%,90%,95%,98%,99%,99.9%,99.99%,100%
GET,/access-control/authorize?uri=%2Fshare%2Fread&method=POST&resourceId=00000000-0000-0000-0000-000000000001,973,0,1300.0,1295.5561908787276,130.50641699999233,3690.201206999973,159.0,16.500972356871667,0.0,1300,1500,1600,1800,2100,2400,2600,2800,3700,3700,3700
DELETE,/access-control/grant,492,0,1000.0,1031.1392482967492,70.78585200002863,4006.7611910000096,255.0,8.343759917349292,0.0,1000,1200,1300,1400,1700,1900,2300,2600,4000,4000,4000
POST,/access-control/grant,508,0,930.0,1020.2457850393703,115.4148929999792,3641.412183,255.0,8.61510170327935,0.0,930,1100,1300,1500,1800,2000,2500,2900,3600,3600,3600
POST,/oidc/login,513,0,260.0,1717.5487840721235,28.71522999998888,17750.13896799999,770.7953216374269,8.699896011382494,0.0,260,480,640,750,6100,12000,15000,16000,18000,18000,18000
GET,/roles,984,0,890.0,958.4897088465445,38.86464199996453,4414.523081000027,20223.174796747968,16.687519834698584,0.0,890,1100,1300,1300,1600,1900,2500,3000,4400,4400,4400
,Aggregated,3470,0,960.0,1184.5642485363128,28.71522999998888,17750.13896799999,5966.780691642652,58.847249823581386,0.0,960,1200,1400,1500,1900,2400,4700,10000,17000,18000,18000
