Type,Name,Request Count,Failure Count,Median Response Time,Average Response Time,Min Response Time,Max Response Time,Average Content Size,Requests/s,Failures/s,50%,66%,75%,80%,90%,95%,98%,99%,99.9%,99.99%,100%
GET,/access-control/authorize?uri=%2Fshare%2Fread&method=POST&resourceId=00000000-0000-0000-0000-000000000001,978,0,1300.0,1296.6020899192201,57.449689999998554,4006.490503000009,159.0,16.594554613083915,0.0,1300,1500,1600,1700,2100,2400,2800,2900,4000,4000,4000
DELETE,/access-control/grant,488,0,1000.0,1018.1324412151644,13.735424999993029,3609.65620099995,255.0,8.280309459289315,0.0,1000,1200,1300,1400,1700,2000,2300,2700,3600,3600,3600
POST,/access-control/grant,498,0,970.0,916.4559413413638,53.06362400000353,2475.0443539999765,255.0,8.449987931815736,0.0,970,1100,1200,1300,1400,1600,2000,2300,2500,2500,2500
POST,/oidc/login,503,0,180.0,1547.4368738827038,27.690036000024065,18444.04778699999,770.7912524850894,8.534827168078946,0.0,180,370,500,590,6000,10000,16000,17000,18000,18000,18000
GET,/roles,984,0,970.0,927.2234294695129,21.662386000002698,3669.4398330000126,19838.864837398374,16.696361696599766,0.0,970,1100,1200,1300,1500,1800,2200,2300,3700,3700,3700
,Aggregated,3451,0,990.0,1133.6045019423345,13.735424999993029,18444.04778699999,5887.013329469719,58.55604086886768,0.0,990,1200,1300,1400,1800,2200,3600,8500,18000,18000,18000
